Review,Sentiment
"Great product, exactly as described.",Positive
"The quality is subpar, not recommended.",Neutral
Fast delivery and excellent packaging.,Positive
"Broke after a few uses, very disappointed.",Negative
"Worth every penny, highly satisfied.",Positive
Decent quality but overpriced.,Positive
Amazing design and works perfectly.,Positive
"Not as advertised, feel cheated.",Neutral
"Super easy to use, love it!",Positive
Terrible customer service experience.,Negative
"Exceeded my expectations, highly recommend.",Positive
The material feels cheap and flimsy.,Positive
"Good for the price, meets basic needs.",Positive
"Item arrived damaged, very upset.",Positive
Perfect fit and great color options.,Positive
"Too complicated to use, returning it.",Negative
"High-quality product, very impressed.",Positive
"Not durable, broke within days.",Neutral
"Stylish and functional, exactly what I wanted.",Positive
Customer support was very helpful.,Positive
"Great product, exactly as described.",Positive
"The quality is subpar, not recommended.",Neutral
Fast delivery and excellent packaging.,Positive
"Broke after a few uses, very disappointed.",Negative
"Worth every penny, highly satisfied.",Positive
Decent quality but overpriced.,Positive
Amazing design and works perfectly.,Positive
"Not as advertised, feel cheated.",Neutral
"Super easy to use, love it!",Positive
Terrible customer service experience.,Negative
"Exceeded my expectations, highly recommend.",Positive
The material feels cheap and flimsy.,Positive
"Good for the price, meets basic needs.",Positive
"Item arrived damaged, very upset.",Positive
Perfect fit and great color options.,Positive
"Too complicated to use, returning it.",Negative
"High-quality product, very impressed.",Positive
"Not durable, broke within days.",Neutral
"Stylish and functional, exactly what I wanted.",Positive
Customer support was very helpful.,Positive
"Great product, exactly as described.",Positive
"The quality is subpar, not recommended.",Neutral
Fast delivery and excellent packaging.,Positive
"Broke after a few uses, very disappointed.",Negative
"Worth every penny, highly satisfied.",Positive
Decent quality but overpriced.,Positive
Amazing design and works perfectly.,Positive
"Not as advertised, feel cheated.",Neutral
"Super easy to use, love it!",Positive
Terrible customer service experience.,Negative
"Exceeded my expectations, highly recommend.",Positive
The material feels cheap and flimsy.,Positive
"Good for the price, meets basic needs.",Positive
"Item arrived damaged, very upset.",Positive
Perfect fit and great color options.,Positive
"Too complicated to use, returning it.",Negative
"High-quality product, very impressed.",Positive
"Not durable, broke within days.",Neutral
"Stylish and functional, exactly what I wanted.",Positive
Customer support was very helpful.,Positive
"Great product, exactly as described.",Positive
"The quality is subpar, not recommended.",Neutral
Fast delivery and excellent packaging.,Positive
"Broke after a few uses, very disappointed.",Negative
"Worth every penny, highly satisfied.",Positive
Decent quality but overpriced.,Positive
Amazing design and works perfectly.,Positive
"Not as advertised, feel cheated.",Neutral
"Super easy to use, love it!",Positive
Terrible customer service experience.,Negative
"Exceeded my expectations, highly recommend.",Positive
The material feels cheap and flimsy.,Positive
"Good for the price, meets basic needs.",Positive
"Item arrived damaged, very upset.",Positive
Perfect fit and great color options.,Positive
"Too complicated to use, returning it.",Negative
"High-quality product, very impressed.",Positive
"Not durable, broke within days.",Neutral
"Stylish and functional, exactly what I wanted.",Positive
Customer support was very helpful.,Positive
"Great product, exactly as described.",Positive
"The quality is subpar, not recommended.",Neutral
Fast delivery and excellent packaging.,Positive
"Broke after a few uses, very disappointed.",Negative
"Worth every penny, highly satisfied.",Positive
Decent quality but overpriced.,Positive
Amazing design and works perfectly.,Positive
"Not as advertised, feel cheated.",Neutral
"Super easy to use, love it!",Positive
Terrible customer service experience.,Negative
"Exceeded my expectations, highly recommend.",Positive
The material feels cheap and flimsy.,Positive
"Good for the price, meets basic needs.",Positive
"Item arrived damaged, very upset.",Positive
Perfect fit and great color options.,Positive
"Too complicated to use, returning it.",Negative
"High-quality product, very impressed.",Positive
"Not durable, broke within days.",Neutral
"Stylish and functional, exactly what I wanted.",Positive
Customer support was very helpful.,Positive
"Great product, exactly as described.",Positive
"The quality is subpar, not recommended.",Neutral
Fast delivery and excellent packaging.,Positive
"Broke after a few uses, very disappointed.",Negative
"Worth every penny, highly satisfied.",Positive
Decent quality but overpriced.,Positive
Amazing design and works perfectly.,Positive
"Not as advertised, feel cheated.",Neutral
"Super easy to use, love it!",Positive
Terrible customer service experience.,Negative
"Exceeded my expectations, highly recommend.",Positive
The material feels cheap and flimsy.,Positive
"Good for the price, meets basic needs.",Positive
"Item arrived damaged, very upset.",Positive
Perfect fit and great color options.,Positive
"Too complicated to use, returning it.",Negative
"High-quality product, very impressed.",Positive
"Not durable, broke within days.",Neutral
"Stylish and functional, exactly what I wanted.",Positive
Customer support was very helpful.,Positive
"Great product, exactly as described.",Positive
"The quality is subpar, not recommended.",Neutral
Fast delivery and excellent packaging.,Positive
"Broke after a few uses, very disappointed.",Negative
"Worth every penny, highly satisfied.",Positive
Decent quality but overpriced.,Positive
Amazing design and works perfectly.,Positive
"Not as advertised, feel cheated.",Neutral
"Super easy to use, love it!",Positive
Terrible customer service experience.,Negative
"Exceeded my expectations, highly recommend.",Positive
The material feels cheap and flimsy.,Positive
"Good for the price, meets basic needs.",Positive
"Item arrived damaged, very upset.",Positive
Perfect fit and great color options.,Positive
"Too complicated to use, returning it.",Negative
"High-quality product, very impressed.",Positive
"Not durable, broke within days.",Neutral
"Stylish and functional, exactly what I wanted.",Positive
Customer support was very helpful.,Positive
"Great product, exactly as described.",Positive
"The quality is subpar, not recommended.",Neutral
Fast delivery and excellent packaging.,Positive
"Broke after a few uses, very disappointed.",Negative
"Worth every penny, highly satisfied.",Positive
Decent quality but overpriced.,Positive
Amazing design and works perfectly.,Positive
"Not as advertised, feel cheated.",Neutral
"Super easy to use, love it!",Positive
Terrible customer service experience.,Negative
"Exceeded my expectations, highly recommend.",Positive
The material feels cheap and flimsy.,Positive
"Good for the price, meets basic needs.",Positive
"Item arrived damaged, very upset.",Positive
Perfect fit and great color options.,Positive
"Too complicated to use, returning it.",Negative
"High-quality product, very impressed.",Positive
"Not durable, broke within days.",Neutral
"Stylish and functional, exactly what I wanted.",Positive
Customer support was very helpful.,Positive
"Great product, exactly as described.",Positive
"The quality is subpar, not recommended.",Neutral
Fast delivery and excellent packaging.,Positive
"Broke after a few uses, very disappointed.",Negative
"Worth every penny, highly satisfied.",Positive
Decent quality but overpriced.,Positive
Amazing design and works perfectly.,Positive
"Not as advertised, feel cheated.",Neutral
"Super easy to use, love it!",Positive
Terrible customer service experience.,Negative
"Exceeded my expectations, highly recommend.",Positive
The material feels cheap and flimsy.,Positive
"Good for the price, meets basic needs.",Positive
"Item arrived damaged, very upset.",Positive
Perfect fit and great color options.,Positive
"Too complicated to use, returning it.",Negative
"High-quality product, very impressed.",Positive
"Not durable, broke within days.",Neutral
"Stylish and functional, exactly what I wanted.",Positive
Customer support was very helpful.,Positive
"Great product, exactly as described.",Positive
"The quality is subpar, not recommended.",Neutral
Fast delivery and excellent packaging.,Positive
"Broke after a few uses, very disappointed.",Negative
"Worth every penny, highly satisfied.",Positive
Decent quality but overpriced.,Positive
Amazing design and works perfectly.,Positive
"Not as advertised, feel cheated.",Neutral
"Super easy to use, love it!",Positive
Terrible customer service experience.,Negative
"Exceeded my expectations, highly recommend.",Positive
The material feels cheap and flimsy.,Positive
"Good for the price, meets basic needs.",Positive
"Item arrived damaged, very upset.",Positive
Perfect fit and great color options.,Positive
"Too complicated to use, returning it.",Negative
"High-quality product, very impressed.",Positive
"Not durable, broke within days.",Neutral
"Stylish and functional, exactly what I wanted.",Positive
Customer support was very helpful.,Positive
"Great product, exactly as described.",Positive
"The quality is subpar, not recommended.",Neutral
Fast delivery and excellent packaging.,Positive
"Broke after a few uses, very disappointed.",Negative
"Worth every penny, highly satisfied.",Positive
Decent quality but overpriced.,Positive
Amazing design and works perfectly.,Positive
"Not as advertised, feel cheated.",Neutral
"Super easy to use, love it!",Positive
Terrible customer service experience.,Negative
"Exceeded my expectations, highly recommend.",Positive
The material feels cheap and flimsy.,Positive
"Good for the price, meets basic needs.",Positive
"Item arrived damaged, very upset.",Positive
Perfect fit and great color options.,Positive
"Too complicated to use, returning it.",Negative
"High-quality product, very impressed.",Positive
"Not durable, broke within days.",Neutral
"Stylish and functional, exactly what I wanted.",Positive
Customer support was very helpful.,Positive
"Great product, exactly as described.",Positive
"The quality is subpar, not recommended.",Neutral
Fast delivery and excellent packaging.,Positive
"Broke after a few uses, very disappointed.",Negative
"Worth every penny, highly satisfied.",Positive
Decent quality but overpriced.,Positive
Amazing design and works perfectly.,Positive
"Not as advertised, feel cheated.",Neutral
"Super easy to use, love it!",Positive
Terrible customer service experience.,Negative
"Exceeded my expectations, highly recommend.",Positive
The material feels cheap and flimsy.,Positive
"Good for the price, meets basic needs.",Positive
"Item arrived damaged, very upset.",Positive
Perfect fit and great color options.,Positive
"Too complicated to use, returning it.",Negative
"High-quality product, very impressed.",Positive
"Not durable, broke within days.",Neutral
"Stylish and functional, exactly what I wanted.",Positive
Customer support was very helpful.,Positive
"Great product, exactly as described.",Positive
"The quality is subpar, not recommended.",Neutral
Fast delivery and excellent packaging.,Positive
"Broke after a few uses, very disappointed.",Negative
"Worth every penny, highly satisfied.",Positive
Decent quality but overpriced.,Positive
Amazing design and works perfectly.,Positive
"Not as advertised, feel cheated.",Neutral
"Super easy to use, love it!",Positive
Terrible customer service experience.,Negative
"Exceeded my expectations, highly recommend.",Positive
The material feels cheap and flimsy.,Positive
"Good for the price, meets basic needs.",Positive
"Item arrived damaged, very upset.",Positive
Perfect fit and great color options.,Positive
"Too complicated to use, returning it.",Negative
"High-quality product, very impressed.",Positive
"Not durable, broke within days.",Neutral
"Stylish and functional, exactly what I wanted.",Positive
Customer support was very helpful.,Positive
"Great product, exactly as described.",Positive
"The quality is subpar, not recommended.",Neutral
Fast delivery and excellent packaging.,Positive
"Broke after a few uses, very disappointed.",Negative
"Worth every penny, highly satisfied.",Positive
Decent quality but overpriced.,Positive
Amazing design and works perfectly.,Positive
"Not as advertised, feel cheated.",Neutral
"Super easy to use, love it!",Positive
Terrible customer service experience.,Negative
"Exceeded my expectations, highly recommend.",Positive
The material feels cheap and flimsy.,Positive
"Good for the price, meets basic needs.",Positive
"Item arrived damaged, very upset.",Positive
Perfect fit and great color options.,Positive
"Too complicated to use, returning it.",Negative
"High-quality product, very impressed.",Positive
"Not durable, broke within days.",Neutral
"Stylish and functional, exactly what I wanted.",Positive
Customer support was very helpful.,Positive
"Great product, exactly as described.",Positive
"The quality is subpar, not recommended.",Neutral
Fast delivery and excellent packaging.,Positive
"Broke after a few uses, very disappointed.",Negative
"Worth every penny, highly satisfied.",Positive
Decent quality but overpriced.,Positive
Amazing design and works perfectly.,Positive
"Not as advertised, feel cheated.",Neutral
"Super easy to use, love it!",Positive
Terrible customer service experience.,Negative
"Exceeded my expectations, highly recommend.",Positive
The material feels cheap and flimsy.,Positive
"Good for the price, meets basic needs.",Positive
"Item arrived damaged, very upset.",Positive
Perfect fit and great color options.,Positive
"Too complicated to use, returning it.",Negative
"High-quality product, very impressed.",Positive
"Not durable, broke within days.",Neutral
"Stylish and functional, exactly what I wanted.",Positive
Customer support was very helpful.,Positive
